parc;estratos;spp;dap
1;Norte;Myrsine umbellata;12,7
1;Norte;Allophylus edulis;8,6
1;Norte;Myrsine umbellata;7
1;Norte;Myrsine umbellata;7,6
1;Norte;Myrsine umbellata;6,7
1;Norte;Eugenia pluriflora;5,3
1;Norte;Solanum sanctaecatharinae;6,7
1;Norte;Podocarpus lambertii;17,4
1;Norte;Matayba elaeagnoides;16,7
1;Norte;Gochnatia polymorpha;15
1;Norte;Solanum sanctaecatharinae;19,9
1;Norte;Araucaria angustifolia;5
1;Norte;Casearia decandra;5
1;Norte;Podocarpus lambertii;7,1
1;Norte;Zanthoxylum kleinii;5,4
1;Norte;Jacaranda puberula;9,5
1;Norte;Calyptranthes concinna;5,4
1;Norte;Duranta vestita;5,3
1;Norte;Jacaranda puberula;9,2
1;Norte;Myrcia laruotteana;16
1;Norte;Lithraea brasiliensis;19,8
1;Norte;Lithraea brasiliensis;16,8
1;Norte;Duranta vestita;9,4
1;Norte;Casearia decandra;8,4
1;Norte;Jacaranda puberula;10,4
1;Norte;Ilex theezans;9,4
1;Norte;Ocotea pulchella;26,3
1;Norte;Casearia decandra;8,3
1;Norte;Podocarpus lambertii;9,1
1;Norte;Casearia decandra;6,7
1;Norte;Gochnatia polymorpha;33,8
1;Norte;Casearia decandra;5,8
1;Norte;Cupania vernalis;5,1
1;Norte;Jacaranda puberula;5,1
1;Norte;Maytenus dasyclada;11,3
1;Norte;Matayba elaeagnoides;6,1
1;Norte;Matayba elaeagnoides;24,8
1;Norte;Casearia decandra;8,2
1;Norte;Lithraea brasiliensis;28,2
1;Norte;Gochnatia polymorpha;23,2
1;Norte;Erythroxylum deciduum;24,4
1;Norte;Zanthoxylum kleinii;5,2
1;Norte;Jacaranda puberula;11,5
1;Norte;Jacaranda puberula;11,8
1;Norte;Lithraea brasiliensis;6
1;Norte;Ocotea pulchella;28,7
2;Norte;Podocarpus lambertii;7,5
2;Norte;Jacaranda puberula;15
2;Norte;Solanum sanctaecatharinae;5,4
2;Norte;Eugenia pluriflora;13,1
2;Norte;Myrsine umbellata;10,6
2;Norte;Podocarpus lambertii;25,7
2;Norte;Calyptranthes concinna;6,2
2;Norte;Eugenia pluriflora;9,1
2;Norte;Gochnatia polymorpha;32,2
2;Norte;Scutia buxifolia;9,9
2;Norte;Calyptranthes concinna;12,2
2;Norte;Casearia obliqua;7,2
2;Norte;Cupania vernalis;26,4
2;Norte;Podocarpus lambertii;8,4
2;Norte;Dasyphyllum spinescens;63,3
2;Norte;Cupania vernalis;21,1
2;Norte;Podocarpus lambertii;20,5
2;Norte;Cupania vernalis;15,4
2;Norte;Drimys brasiliensis;8
2;Norte;Myrsine umbellata;20,4
2;Norte;Ocotea pulchella;43
2;Norte;Lithraea brasiliensis;27,5
2;Norte;Araucaria angustifolia;42,2
2;Norte;Eugenia pluriflora;6
2;Norte;Jacaranda puberula;7,7
2;Norte;Eugenia pluriflora;5,9
2;Norte;Casearia decandra;6,6
2;Norte;Araucaria angustifolia;12,4
2;Norte;Jacaranda puberula;12,7
2;Norte;Jacaranda puberula;6,4
2;Norte;Calyptranthes concinna;5,2
2;Norte;Jacaranda puberula;7,5
2;Norte;Jacaranda puberula;6,2
2;Norte;Lamanonia ternata;5,2
2;Norte;Jacaranda puberula;11,3
3;Norte;Drimys brasiliensis;6
3;Norte;Duranta vestita;11,8
3;Norte;Jacaranda puberula;6,3
3;Norte;Jacaranda puberula;13,7
3;Norte;Solanum sanctaecatharinae;12,3
3;Norte;Jacaranda puberula;19,3
3;Norte;Solanum sanctaecatharinae;13,1
3;Norte;Solanum sanctaecatharinae;6
3;Norte;Xylosma tweediana;6,5
3;Norte;Jacaranda puberula;10,8
3;Norte;Jacaranda puberula;8,1
3;Norte;Jacaranda puberula;20,2
3;Norte;Lithraea brasiliensis;21,8
3;Norte;Myrcia laruotteana;5
3;Norte;Jacaranda puberula;9,4
3;Norte;Eugenia pluriflora;6,2
3;Norte;Cinnamomum amoenum;45,3
3;Norte;Casearia decandra;10,2
3;Norte;Myrrhinium atropurpureum;15,4
3;Norte;Myrcia hatschbachii;7,7
3;Norte;Jacaranda puberula;19,4
3;Norte;Jacaranda puberula;11
3;Norte;Jacaranda puberula;8,8
3;Norte;Podocarpus lambertii;31
3;Norte;Lamanonia ternata;63,7
3;Norte;Banara tomentosa;5,1
3;Norte;Myrcia hatschbachii;9,1
3;Norte;Cupania vernalis;9,8
3;Norte;Eugenia pluriflora;29,9
3;Norte;Solanum sanctaecatharinae;12,4
3;Norte;Jacaranda puberula;12,5
4;Norte;Araucaria angustifolia;11,8
4;Norte;Casearia obliqua;22,3
4;Norte;Eugenia pluriflora;5,2
4;Norte;Cupania vernalis;14,6
4;Norte;Myrsine umbellata;6
4;Norte;Jacaranda puberula;12,6
4;Norte;Prunus myrtifolia;15,3
4;Norte;Solanum sanctaecatharinae;18,1
4;Norte;Podocarpus lambertii;5,1
4;Norte;Jacaranda puberula;11,3
4;Norte;Podocarpus lambertii;5,2
4;Norte;Jacaranda puberula;13,8
4;Norte;Coutarea hexandra;14,3
4;Norte;Casearia obliqua;29,8
4;Norte;Jacaranda puberula;11,1
4;Norte;Jacaranda puberula;17,1
4;Norte;Blepharocalyx salicifolius;5,1
4;Norte;Jacaranda puberula;9,9
4;Norte;Jacaranda puberula;14,6
4;Norte;Calyptranthes concinna;8,3
4;Norte;Casearia obliqua;6,8
4;Norte;Jacaranda puberula;8,4
4;Norte;Jacaranda puberula;15,6
4;Norte;Jacaranda puberula;15,8
4;Norte;Jacaranda puberula;5,7
4;Norte;Casearia obliqua;20,2
4;Norte;Jacaranda puberula;6,2
4;Norte;Jacaranda puberula;10,9
4;Norte;Casearia obliqua;5
4;Norte;Casearia obliqua;10,6
4;Norte;Jacaranda puberula;7,4
4;Norte;Jacaranda puberula;5,4
4;Norte;Jacaranda puberula;6
4;Norte;Araucaria angustifolia;19,2
4;Norte;Casearia obliqua;15,9
4;Norte;Banara tomentosa;9,6
4;Norte;Myrcia laruotteana;9,6
4;Norte;Drimys brasiliensis;5,4
4;Norte;Casearia obliqua;7,4
4;Norte;Jacaranda puberula;5,5
4;Norte;Jacaranda puberula;17,6
4;Norte;Myrsine umbellata;24,6
4;Norte;Cupania vernalis;21,1
4;Norte;Casearia decandra;5
4;Norte;Jacaranda puberula;6,7
4;Norte;Calyptranthes concinna;11,3
4;Norte;Casearia obliqua;8
4;Norte;Casearia obliqua;9,3
4;Norte;Araucaria angustifolia;5,5
4;Norte;Eugenia pluriflora;9,9
4;Norte;Jacaranda puberula;7,9
4;Norte;Jacaranda puberula;12,4
4;Norte;Araucaria angustifolia;5,2
5;Norte;Casearia decandra;10
5;Norte;Myrcia hatschbachii;6,6
5;Norte;Casearia obliqua;20,3
5;Norte;Casearia decandra;11,1
5;Norte;Jacaranda puberula;9,7
5;Norte;Casearia decandra;5,2
5;Norte;Matayba elaeagnoides;43,1
5;Norte;Jacaranda puberula;8,8
5;Norte;Jacaranda puberula;15,6
5;Norte;Casearia decandra;9,1
5;Norte;Matayba elaeagnoides;33,7
5;Norte;Lamanonia ternata;9,7
5;Norte;Cupania vernalis;5,4
5;Norte;Myrcianthes gigantea;5,1
5;Norte;Myrcia hatschbachii;10,3
5;Norte;Matayba elaeagnoides;34,1
5;Norte;Casearia decandra;5,4
5;Norte;Jacaranda puberula;16,2
5;Norte;Jacaranda puberula;8
5;Norte;Jacaranda puberula;5,4
5;Norte;Jacaranda puberula;11,7
5;Norte;Solanum sanctaecatharinae;35,3
5;Norte;Jacaranda puberula;12,7
5;Norte;Araucaria angustifolia;35
5;Norte;Annona rugulosa;5,3
5;Norte;Banara tomentosa;8,3
5;Norte;Lithraea brasiliensis;22,2
5;Norte;Araucaria angustifolia;5,6
5;Norte;Jacaranda puberula;13,4
5;Norte;Matayba elaeagnoides;21,8
5;Norte;Araucaria angustifolia;21,6
5;Norte;Araucaria angustifolia;7,8
5;Norte;Araucaria angustifolia;12,1
5;Norte;Eugenia pluriflora;6
5;Norte;Araucaria angustifolia;33,3
5;Norte;Casearia decandra;10,6
5;Norte;Casearia decandra;12
5;Norte;Myrsine umbellata;16,7
5;Norte;Banara tomentosa;5,7
5;Norte;Zanthoxylum rhoifolium;16,2
5;Norte;Jacaranda puberula;5,7
5;Norte;Jacaranda puberula;16,2
5;Norte;Ocotea pulchella;7,6
5;Norte;Jacaranda puberula;7,9
5;Norte;Jacaranda puberula;10,2
5;Norte;Jacaranda puberula;16,1
5;Norte;Jacaranda puberula;12,7
5;Norte;Jacaranda puberula;11,8
5;Norte;Jacaranda puberula;14,6
5;Norte;Jacaranda puberula;7,4
5;Norte;Jacaranda puberula;9
5;Norte;Casearia decandra;7,3
5;Norte;Jacaranda puberula;5,4
6;Norte;Campomanesia xanthocarpa;18,2
6;Norte;Casearia decandra;9,2
6;Norte;Banara tomentosa;5,1
6;Norte;Podocarpus lambertii;11,5
6;Norte;Casearia decandra;5,4
6;Norte;Blepharocalyx salicifolius;11,1
6;Norte;Araucaria angustifolia;51
6;Norte;Casearia decandra;6,5
6;Norte;Blepharocalyx salicifolius;10,4
6;Norte;Myrcia hatschbachii;22,9
6;Norte;Lithraea brasiliensis;45,1
6;Norte;Drimys brasiliensis;6,7
6;Norte;Drimys brasiliensis;8,1
6;Norte;Casearia obliqua;9
6;Norte;Casearia decandra;5,7
6;Norte;Drimys brasiliensis;5
6;Norte;Casearia decandra;21
6;Norte;Dasyphyllum tomentosum;46,3
6;Norte;Calyptranthes concinna;9,5
6;Norte;Calyptranthes concinna;22,2
6;Norte;Campomanesia xanthocarpa;21,9
6;Norte;Eugenia pluriflora;6,3
7;Norte;Lithraea brasiliensis;27
7;Norte;Solanum sanctaecatharinae;22,6
7;Norte;Ocotea pulchella;25
7;Norte;Eugenia pluriflora;5,6
7;Norte;Araucaria angustifolia;21,9
7;Norte;Casearia decandra;5,5
7;Norte;Jacaranda puberula;9,7
7;Norte;Araucaria angustifolia;6,2
7;Norte;Casearia obliqua;6,6
7;Norte;Casearia obliqua;6,2
7;Norte;Araucaria angustifolia;6,1
7;Norte;Drimys brasiliensis;5,6
7;Norte;Xylosma ciliatifolia;13,4
7;Norte;Araucaria angustifolia;19
7;Norte;Casearia decandra;13,7
7;Norte;Casearia decandra;5,3
7;Norte;Dasyphyllum tomentosum;29,8
7;Norte;Drimys brasiliensis;9,9
7;Norte;Araucaria angustifolia;7,5
7;Norte;Dasyphyllum spinescens;13,8
7;Norte;Jacaranda puberula;6,9
7;Norte;Dasyphyllum spinescens;13
7;Norte;Jacaranda puberula;10,1
7;Norte;Clethra scabra;6,9
7;Norte;Araucaria angustifolia;7,4
7;Norte;Araucaria angustifolia;43,4
7;Norte;Myrsine sp.;9,1
7;Norte;Casearia decandra;7,8
7;Norte;Eugenia pluriflora;11,3
7;Norte;Banara tomentosa;5,1
7;Norte;Dasyphyllum tomentosum;38,8
7;Norte;Cinnamomum amoenum;10,8
7;Norte;Dasyphyllum tomentosum;16
7;Norte;Araucaria angustifolia;15,7
7;Norte;Araucaria angustifolia;24,1
7;Norte;Machaerium paraguariense;23,9
7;Norte;Solanum sanctaecatharinae;7,2
7;Norte;Myrcia palustris;5,2
7;Norte;Casearia decandra;6,9
7;Norte;Araucaria angustifolia;5,9
8;Norte;Lithraea brasiliensis;23,3
8;Norte;Casearia decandra;7,3
8;Norte;Prunus myrtifolia;35,9
8;Norte;Lithraea brasiliensis;6,2
8;Norte;Myrsine umbellata;13,6
8;Norte;Myrsine umbellata;21
8;Norte;Eugenia pluriflora;15,2
8;Norte;Cedrela fissilis;15,8
8;Norte;Xylosma ciliatifolia;17,1
8;Norte;Cedrela fissilis;6
8;Norte;Annona rugulosa;5,5
8;Norte;Annona rugulosa;11,2
8;Norte;Zanthoxylum kleinii;15,8
8;Norte;Araucaria angustifolia;11,7
8;Norte;Duranta vestita;13
8;Norte;Zanthoxylum kleinii;10,2
8;Norte;Jacaranda puberula;5,3
8;Norte;Solanum pabstii;5,1
8;Norte;Casearia obliqua;11,6
8;Norte;Araucaria angustifolia;8,3
8;Norte;Araucaria angustifolia;35,7
8;Norte;Myrsine umbellata;10,9
8;Norte;Casearia decandra;6,1
8;Norte;Zanthoxylum kleinii;6,7
8;Norte;Podocarpus lambertii;5,1
8;Norte;Solanum sanctaecatharinae;6,3
8;Norte;Calyptranthes concinna;5,6
8;Norte;Cedrela fissilis;9,9
8;Norte;Araucaria angustifolia;42,6
8;Norte;Casearia decandra;5,9
8;Norte;Drimys brasiliensis;9,3
8;Norte;Cedrela fissilis;9,9
8;Norte;Araucaria angustifolia;30,7
8;Norte;Myrsine umbellata;18,7
8;Norte;Drimys brasiliensis;8,4
8;Norte;Araucaria angustifolia;12,2
8;Norte;Cinnamomum amoenum;34,6
8;Norte;Cedrela fissilis;12
8;Norte;Araucaria angustifolia;29
9;Norte;Annona rugulosa;5,7
9;Norte;Annona rugulosa;5,2
9;Norte;Casearia decandra;5
9;Norte;Zanthoxylum kleinii;13,5
9;Norte;Annona rugulosa;5,3
9;Norte;Jacaranda puberula;8,1
9;Norte;Banara tomentosa;11,1
9;Norte;Jacaranda puberula;8,4
9;Norte;Lamanonia ternata;7,3
9;Norte;Araucaria angustifolia;31,3
9;Norte;Casearia decandra;5,4
9;Norte;Casearia obliqua;8,2
9;Norte;Cedrela fissilis;15,9
9;Norte;Ocotea pulchella;5,1
9;Norte;Jacaranda puberula;10,3
9;Norte;Dasyphyllum tomentosum;14,5
9;Norte;Casearia decandra;6
9;Norte;Myrsine umbellata;8,4
9;Norte;Cedrela fissilis;20,1
9;Norte;Casearia decandra;6,8
9;Norte;Casearia decandra;5,5
9;Norte;Annona rugulosa;8,5
9;Norte;Scutia buxifolia;6,5
9;Norte;Myrsine coriacea;11,6
9;Norte;Jacaranda puberula;8
9;Norte;Araucaria angustifolia;7,7
9;Norte;Duranta vestita;6,2
9;Norte;Myrsine umbellata;5,9
9;Norte;Araucaria angustifolia;5,1
9;Norte;Jacaranda puberula;9,2
9;Norte;Casearia obliqua;9,6
9;Norte;Casearia decandra;6,7
10;Norte;Lithraea brasiliensis;23,5
10;Norte;Casearia decandra;8
10;Norte;Prunus myrtifolia;24,2
10;Norte;Podocarpus lambertii;5,1
10;Norte;Allophylus guaraniticus;16,5
10;Norte;Eugenia pluriflora;9
10;Norte;Araucaria angustifolia;38,1
10;Norte;Casearia decandra;5,9
10;Norte;Casearia decandra;6,6
10;Norte;Ocotea pulchella;38,9
10;Norte;Vernonanthura discolor;27,5
10;Norte;Casearia decandra;7,6
10;Norte;Duranta vestita;7,4
10;Norte;Duranta vestita;7,4
10;Norte;Symplocos uniflora;15,6
10;Norte;Calyptranthes concinna;5,9
10;Norte;Duranta vestita;5,3
10;Norte;Duranta vestita;7,2
10;Norte;Duranta vestita;6,6
10;Norte;Duranta vestita;5,2
10;Norte;Celtis iguanaea;9,5
10;Norte;Celtis iguanaea;7,5
10;Norte;Myrsine umbellata;15,4
10;Norte;Rhamnus sphaerosperma;5,3
10;Norte;Myrceugenia oxysepala;5,9
10;Norte;Podocarpus lambertii;18
10;Norte;Jacaranda puberula;12,4
10;Norte;Myrsine umbellata;7,6
10;Norte;Calyptranthes concinna;6,5
10;Norte;Calyptranthes concinna;5,6
10;Norte;Calyptranthes concinna;11,9
10;Norte;Casearia decandra;17,4
10;Norte;Dasyphyllum spinescens;25,4
10;Norte;Myrcia guianensis;11,9
10;Norte;Coutarea hexandra;5
10;Norte;Sapium glandulosum;10,8
10;Norte;Drimys brasiliensis;5,3
11;Norte;Araucaria angustifolia;11
11;Norte;Banara tomentosa;8,4
11;Norte;Lithraea brasiliensis;13,8
11;Norte;Ocotea pulchella;22,9
11;Norte;Casearia decandra;11,3
11;Norte;Myrsine coriacea;17,1
11;Norte;Casearia decandra;10,9
11;Norte;Lithraea brasiliensis;5,7
11;Norte;Ilex theezans;12,8
11;Norte;Ilex theezans;6,5
11;Norte;Calyptranthes concinna;6,1
11;Norte;Dasyphyllum tomentosum;16,5
11;Norte;Lithraea brasiliensis;8,1
11;Norte;Araucaria angustifolia;32,8
11;Norte;Ilex theezans;6,3
11;Norte;Lithraea brasiliensis;24,2
11;Norte;Myrcia laruotteana;5,1
11;Norte;Myrcia palustris;6,5
11;Norte;Calyptranthes concinna;9,4
11;Norte;Gochnatia polymorpha;24,2
11;Norte;Ilex theezans;6,2
11;Norte;Araucaria angustifolia;47,7
11;Norte;Araucaria angustifolia;13,7
11;Norte;Myrciaria ;6,1
11;Norte;Dasyphyllum tomentosum;11,7
11;Norte;Araucaria angustifolia;25,1
11;Norte;Sapium glandulosum;17
11;Norte;Lithraea brasiliensis;21,2
11;Norte;Casearia decandra;10
11;Norte;Matayba elaeagnoides;6,4
11;Norte;Sapium glandulosum;6,1
11;Norte;Lithraea brasiliensis;23,9
11;Norte;Lithraea brasiliensis;26,9
11;Norte;Casearia decandra;8,7
11;Norte;Calyptranthes concinna;7,6
11;Norte;Myrcia palustris;6,8
11;Norte;Xylosma ciliatifolia;5,6
11;Norte;Araucaria angustifolia;4,1
11;Norte;Myrsine coriacea;6
11;Norte;Drimys brasiliensis;13,1
11;Norte;Zanthoxylum rhoifolium;8,5
12;Norte;Podocarpus lambertii;6,7
12;Norte;Podocarpus lambertii;6,3
12;Norte;Podocarpus lambertii;8,1
12;Norte;Myrcia laruotteana;8,5
12;Norte;Myrsine umbellata;8,3
12;Norte;Ocotea pulchella;19,7
12;Norte;Araucaria angustifolia;30,9
12;Norte;Ilex dumosa;6,2
12;Norte;Casearia decandra;16,4
12;Norte;Myrsine umbellata;11,6
12;Norte;Araucaria angustifolia;9,1
12;Norte;Myrsine umbellata;10
12;Norte;Casearia decandra;11,2
12;Norte;Lithraea brasiliensis;19,6
12;Norte;Podocarpus lambertii;23,9
12;Norte;Drimys brasiliensis;8,4
12;Norte;Lithraea brasiliensis;14
12;Norte;Myrsine coriacea;14,2
12;Norte;Piptocarpha angustifolia;16,9
12;Norte;Myrsine umbellata;18
12;Norte;Lithraea brasiliensis;24,9
12;Norte;Lithraea brasiliensis;22,2
12;Norte;Dasyphyllum tomentosum;38,1
12;Norte;Prunus myrtifolia;15,5
12;Norte;Myrsine umbellata;8,8
12;Norte;Myrsine umbellata;11,6
12;Norte;Casearia decandra;8,1
12;Norte;Lithraea brasiliensis;23,9
12;Norte;Duranta vestita;6
12;Norte;Lithraea brasiliensis;14,3
12;Norte;Ilex dumosa;10,2
12;Norte;Casearia decandra;8,3
12;Norte;Podocarpus lambertii;8,8
12;Norte;Araucaria angustifolia;7,6
12;Norte;Podocarpus lambertii;8,9
12;Norte;Myrsine umbellata;9,7
12;Norte;Araucaria angustifolia;39,9
12;Norte;Zanthoxylum kleinii;8,8
12;Norte;Myrsine umbellata;8,2
12;Norte;Araucaria angustifolia;38,8
12;Norte;Myrsine umbellata;12,6
12;Norte;Clethra scabra;13,4
12;Norte;Myrsine umbellata;13,3
13;Norte;Myrcia palustris;8,4
13;Norte;Calyptranthes concinna;18,5
13;Norte;Myrcia palustris;10
13;Norte;Myrceugenia myrcioides;8,4
13;Norte;Ilex theezans;25,2
13;Norte;Ocotea pulchella;27,5
13;Norte;Myrsine coriacea;12,6
13;Norte;Eugenia pluriflora;6,9
13;Norte;Myrcia guianensis;12,2
13;Norte;Ilex theezans;16,9
13;Norte;Lithraea brasiliensis;10
13;Norte;Calyptranthes concinna;5,1
13;Norte;Drimys brasiliensis;5,5
13;Norte;Vernonanthura discolor;13
13;Norte;Zanthoxylum kleinii;20,8
13;Norte;Eugenia pluriflora;9,1
13;Norte;Calyptranthes concinna;7,5
13;Norte;Zanthoxylum kleinii;23,7
13;Norte;Araucaria angustifolia;23,8
13;Norte;Calyptranthes concinna;6,2
13;Norte;Calyptranthes concinna;6,2
13;Norte;Myrcia guianensis;7
13;Norte;Calyptranthes concinna;11,7
13;Norte;Calyptranthes concinna;11,9
13;Norte;Zanthoxylum kleinii;10,4
13;Norte;Araucaria angustifolia;45
13;Norte;Lithraea brasiliensis;12,2
13;Norte;Lithraea brasiliensis;9,5
13;Norte;Ilex theezans;11,3
13;Norte;Calyptranthes concinna;5,7
13;Norte;Vernonanthura discolor;11,7
13;Norte;Eugenia pluriflora;11,7
13;Norte;Duranta vestita;8,3
13;Norte;Myrsine umbellata;12,4
13;Norte;Podocarpus lambertii;8,3
13;Norte;Podocarpus lambertii;5,4
13;Norte;Podocarpus lambertii;7,6
13;Norte;Zanthoxylum kleinii;13,8
13;Norte;Myrcia guianensis;9,7
13;Norte;Lithraea brasiliensis;15,6
13;Norte;Myrcia palustris;13,2
13;Norte;Myrsine umbellata;5,1
;;;
13;Norte;Calyptranthes concinna;15,5
13;Norte;Araucaria angustifolia;7,4
14;Norte;Lithraea brasiliensis;18,3
14;Norte;Gochnatia polymorpha;19,4
14;Norte;Roupala montana;7,1
14;Norte;Jacaranda puberula;5,5
14;Norte;Lithraea brasiliensis;13,5
14;Norte;Myrsine umbellata;7
14;Norte;Ilex theezans;11,6
14;Norte;Podocarpus lambertii;6,2
14;Norte;Myrceugenia euosma;6,4
14;Norte;Podocarpus lambertii;8,2
14;Norte;Myrcia guianensis;7,3
14;Norte;Sebastiania commersoniana;11
14;Norte;Myrsine umbellata;14,8
14;Norte;Podocarpus lambertii;14,8
14;Norte;Drimys brasiliensis;8,5
14;Norte;Eugenia pluriflora;7
14;Norte;Casearia decandra;5,8
14;Norte;Dasyphyllum tomentosum;14,8
14;Norte;Lithraea brasiliensis;9,8
14;Norte;Lithraea brasiliensis;12,7
14;Norte;Lithraea brasiliensis;42,2
14;Norte;Podocarpus lambertii;30,5
14;Norte;Myrcia laruotteana;15,9
14;Norte;Zanthoxylum kleinii;21,3
14;Norte;Cupania vernalis;7,4
14;Norte;Araucaria angustifolia;12,3
14;Norte;Lithraea brasiliensis;16,4
14;Norte;Zanthoxylum kleinii;22,4
14;Norte;Ilex theezans;27,6
14;Norte;Casearia decandra;5,6
14;Norte;Lithraea brasiliensis;21,2
14;Norte;Casearia decandra;5,9
14;Norte;Jacaranda puberula;22,1
14;Norte;Myrsine umbellata;12,3
14;Norte;Blepharocalyx salicifolius;7,5
14;Norte;Jacaranda puberula;6,9
14;Norte;Xylosma ciliatifolia;6,1
14;Norte;Zanthoxylum kleinii;14,4
14;Norte;Matayba elaeagnoides;30,4
14;Norte;Symplocos uniflora;7,1
15;Norte;Schinus terebinthifolius;9,8
15;Norte;Lithraea brasiliensis;9,1
15;Norte;Blepharocalyx salicifolius;15,2
15;Norte;Lithraea brasiliensis;22,7
15;Norte;Calyptranthes concinna;5,2
15;Norte;Podocarpus lambertii;9,6
15;Norte;Sapium glandulosum;24,5
15;Norte;Banara tomentosa;8,5
15;Norte;Zanthoxylum kleinii;8,3
15;Norte;Myrcia guianensis;7,5
15;Norte;Lithraea brasiliensis;7,6
15;Norte;Myrcia guianensis;20,6
15;Norte;Matayba elaeagnoides;14,9
15;Norte;Casearia decandra;7,4
15;Norte;Casearia decandra;5,3
15;Norte;Matayba elaeagnoides;16,5
15;Norte;Zanthoxylum kleinii;16,1
15;Norte;Matayba elaeagnoides;13,2
15;Norte;Sapium glandulosum;18
15;Norte;Erythroxylum deciduum;8,3
15;Norte;Myrsine umbellata;6,9
15;Norte;Symplocos uniflora;10,7
15;Norte;Banara tomentosa;6
15;Norte;Casearia decandra;15,8
15;Norte;Casearia decandra;6,1
15;Norte;Zanthoxylum kleinii;9,4
15;Norte;Eugenia pluriflora;12,6
15;Norte;Allophylus guaraniticus;5,2
15;Norte;Drimys brasiliensis;5,7
15;Norte;Cupania vernalis;6
15;Norte;Allophylus guaraniticus;5,4
15;Norte;Symplocos uniflora;14,1
15;Norte;Myrsine umbellata;8,1
15;Norte;Myrcia guianensis;12,5
15;Norte;Zanthoxylum kleinii;7,6
15;Norte;Podocarpus lambertii;25,1
15;Norte;Myrcia laruotteana;8,6
15;Norte;Oreopanax fulvus;8,5
15;Norte;Matayba elaeagnoides;10,1
15;Norte;Zanthoxylum kleinii;22,7
15;Norte;Roupala montana;13,2
15;Norte;Matayba elaeagnoides;14,6
15;Norte;Podocarpus lambertii;11
15;Norte;Sapium glandulosum;7,9
15;Norte;Araucaria angustifolia;17,2
15;Norte;Araucaria angustifolia;26,5
15;Norte;Allophylus guaraniticus;6,4
15;Norte;Allophylus guaraniticus;10,5
15;Norte;Gochnatia polymorpha;7,5
15;Norte;Xylosma ciliatifolia;10,1
15;Norte;Erythroxylum deciduum;10,9
15;Norte;Podocarpus lambertii;5,7
15;Norte;Gochnatia polymorpha;17,3
15;Norte;Xylosma ciliatifolia;12,5
16;Norte;Araucaria angustifolia;5,7
16;Norte;Zanthoxylum kleinii;11,5
16;Norte;Lithraea brasiliensis;5,4
16;Norte;Lithraea brasiliensis;16,5
16;Norte;Lithraea brasiliensis;9,3
16;Norte;Araucaria angustifolia;7
16;Norte;Xylosma ciliatifolia;5,4
16;Norte;Zanthoxylum kleinii;12
16;Norte;Araucaria angustifolia;9,9
16;Norte;Duranta vestita;5,3
16;Norte;Casearia decandra;7,7
16;Norte;Roupala montana;6,5
16;Norte;Casearia decandra;6
16;Norte;Gochnatia polymorpha;16,4
16;Norte;Podocarpus lambertii;22,1
16;Norte;Myrsine umbellata;5,5
16;Norte;Jacaranda puberula;6,1
16;Norte;Araucaria angustifolia;16,9
16;Norte;Duranta vestita;5,4
16;Norte;Araucaria angustifolia;24,8
16;Norte;Myrcia guianensis;5,6
16;Norte;Podocarpus lambertii;16,2
16;Norte;Araucaria angustifolia;8,5
16;Norte;Jacaranda puberula;13,1
16;Norte;Araucaria angustifolia;5
16;Norte;Dasyphyllum spinescens;26,4
16;Norte;Jacaranda puberula;10,9
16;Norte;Jacaranda puberula;17,6
16;Norte;Myrsine umbellata;7
16;Norte;Gochnatia polymorpha;15,1
16;Norte;Casearia decandra;7,6
16;Norte;Myrcia guianensis;5,5
16;Norte;Jacaranda puberula;7,5
16;Norte;Jacaranda puberula;8,8
16;Norte;Banara tomentosa;5,1
16;Norte;Myrsine umbellata;6,7
16;Norte;Araucaria angustifolia;6,7
16;Norte;Jacaranda puberula;8
16;Norte;Jacaranda puberula;5,3
16;Norte;Prunus myrtifolia;12,8
16;Norte;Matayba elaeagnoides;25,4
16;Norte;Xylosma tweediana;6,9
16;Norte;Araucaria angustifolia;6,8
16;Norte;Jacaranda puberula;8
16;Norte;Dasyphyllum tomentosum;14,1
16;Norte;Jacaranda puberula;8,1
16;Norte;Symplocos uniflora;18,4
16;Norte;Xylosma ciliatifolia;13,7
16;Norte;Allophylus guaraniticus;11,5
16;Norte;Duranta vestita;8,8
16;Norte;Jacaranda puberula;5
16;Norte;Casearia decandra;6,8
16;Norte;Casearia decandra;6,4
16;Norte;Myrsine umbellata;8,1
16;Norte;Xylosma ciliatifolia;6,7
16;Norte;Casearia decandra;7,3
16;Norte;Roupala montana;10,7
16;Norte;Lithraea brasiliensis;9,6
16;Norte;Allophylus guaraniticus;5,9
16;Norte;Jacaranda puberula;10,8
16;Norte;Jacaranda puberula;12,7
16;Norte;Casearia decandra;20,1
16;Norte;Casearia decandra;6
17;Norte;Araucaria angustifolia;26,3
17;Norte;Matayba elaeagnoides;27,5
17;Norte;Ocotea pulchella;16,2
17;Norte;Jacaranda puberula;6,8
17;Norte;Jacaranda puberula;10,2
17;Norte;Lithraea brasiliensis;39,9
17;Norte;Jacaranda puberula;9,7
17;Norte;Jacaranda puberula;15,2
17;Norte;Myrsine umbellata;9,6
17;Norte;Araucaria angustifolia;6,2
17;Norte;Prunus myrtifolia;5,3
17;Norte;Jacaranda puberula;15,6
17;Norte;Jacaranda puberula;10,9
17;Norte;Jacaranda puberula;14,1
17;Norte;Myrsine coriacea;21,4
17;Norte;Jacaranda puberula;12,8
17;Norte;Zanthoxylum kleinii;7,5
17;Norte;Jacaranda puberula;8,2
17;Norte;Araucaria angustifolia;8,3
17;Norte;Jacaranda puberula;6,4
17;Norte;Myrsine umbellata;8,2
17;Norte;Duranta vestita;5,8
17;Norte;Myrsine umbellata;9
17;Norte;Zanthoxylum kleinii;26,7
17;Norte;Zanthoxylum kleinii;17,8
17;Norte;Araucaria angustifolia;6,9
17;Norte;Matayba elaeagnoides;6,2
17;Norte;Jacaranda puberula;10,9
17;Norte;Jacaranda puberula;6
17;Norte;Jacaranda puberula;17,2
17;Norte;Jacaranda puberula;11,8
17;Norte;Myrsine umbellata;19,6
17;Norte;Ocotea pulchella;11,1
17;Norte;Lithraea brasiliensis;9,6
17;Norte;Zanthoxylum kleinii;6,8
17;Norte;Jacaranda puberula;6,7
17;Norte;Casearia obliqua;16,2
17;Norte;Myrsine umbellata;5,3
17;Norte;Jacaranda puberula;6,4
17;Norte;Jacaranda puberula;5,9
17;Norte;Jacaranda puberula;7
17;Norte;Zanthoxylum kleinii;12,8
17;Norte;Jacaranda puberula;6,9
17;Norte;Jacaranda puberula;5,9
17;Norte;Jacaranda puberula;6,2
17;Norte;Lithraea brasiliensis;22
17;Norte;Jacaranda puberula;12,8
17;Norte;Calyptranthes concinna;7,8
17;Norte;Zanthoxylum kleinii;10,3
17;Norte;Podocarpus lambertii;19,4
17;Norte;Jacaranda puberula;11,1
17;Norte;Jacaranda puberula;13,6
17;Norte;Jacaranda puberula;5,8
17;Norte;Casearia decandra;6,4
17;Norte;Jacaranda puberula;7,2
17;Norte;Cinnamomum amoenum;35,5
17;Norte;Solanum sanctaecatharinae;6,8
17;Norte;Jacaranda puberula;6,1
17;Norte;Myrcia guianensis;17,2
17;Norte;Jacaranda puberula;5,7
17;Norte;Jacaranda puberula;5,9
17;Norte;Jacaranda puberula;10,7
17;Norte;Podocarpus lambertii;28,2
17;Norte;Eugenia pluriflora;6,6
17;Norte;Casearia decandra;5,2
17;Norte;Calyptranthes concinna;6,5
17;Norte;Calyptranthes concinna;6,5
17;Norte;Jacaranda puberula;5,8
17;Norte;Calyptranthes concinna;9,7
17;Norte;Jacaranda puberula;5,3
17;Norte;Jacaranda puberula;5,3
17;Norte;Casearia decandra;13,9
17;Norte;Lithraea brasiliensis;25,3
17;Norte;Solanum sanctaecatharinae;15,3
17;Norte;Jacaranda puberula;6,8
17;Norte;Ocotea pulchella;31,1
17;Norte;Jacaranda puberula;6,5
17;Norte;Jacaranda puberula;8,4
17;Norte;Jacaranda puberula;10
17;Norte;Jacaranda puberula;6,5
17;Norte;Annona rugulosa;7,6
17;Norte;Casearia decandra;5,2
17;Norte;Jacaranda puberula;11,4
17;Norte;Dasyphyllum tomentosum;32,2
18;Sul;Vernonanthura discolor;28,2
18;Sul;Duranta vestita;11,3
18;Sul;Duranta vestita;6,5
18;Sul;Araucaria angustifolia;5,1
18;Sul;Sapium glandulosum;21,4
18;Sul;Casearia decandra;6,4
18;Sul;Araucaria angustifolia;12,3
18;Sul;Duranta vestita;11,8
18;Sul;Sapium glandulosum;9,2
18;Sul;Sapium glandulosum;22,8
18;Sul;Vernonanthura discolor;24,3
18;Sul;Zanthoxylum rhoifolium;10,3
18;Sul;Araucaria angustifolia;19,7
18;Sul;Araucaria angustifolia;9,1
18;Sul;Araucaria angustifolia;32,4
18;Sul;Casearia decandra;8
18;Sul;Zanthoxylum rhoifolium;6
18;Sul;Araucaria angustifolia;20
18;Sul;Casearia decandra;6,4
18;Sul;Annona rugulosa;7,7
18;Sul;Araucaria angustifolia;29,9
18;Sul;Araucaria angustifolia;10,7
18;Sul;Sapium glandulosum;8,4
18;Sul;Zanthoxylum rhoifolium;9
18;Sul;Podocarpus lambertii;11,7
18;Sul;Sapium glandulosum;12,3
18;Sul;Lithraea brasiliensis;50,9
18;Sul;Podocarpus lambertii;27,9
18;Sul;Araucaria angustifolia;24,8
18;Sul;Cupania vernalis;6,3
18;Sul;Duranta vestita;6,2
18;Sul;Araucaria angustifolia;14,5
18;Sul;Araucaria angustifolia;12,5
18;Sul;Araucaria angustifolia;47
18;Sul;Araucaria angustifolia;23,9
18;Sul;Ilex dumosa;11,3
19;Sul;Casearia decandra;5,3
19;Sul;Banara tomentosa;5,2
19;Sul;Casearia decandra;5,7
19;Sul;Sapium glandulosum;5,6
19;Sul;Oreopanax fulvus;8,8
19;Sul;Vernonanthura discolor;13
19;Sul;Zanthoxylum rhoifolium;9
19;Sul;Sapium glandulosum;6,4
19;Sul;Zanthoxylum rhoifolium;12,7
19;Sul;Casearia decandra;5,7
19;Sul;Ilex paraguariensis;7
19;Sul;Allophylus guaraniticus;8,5
19;Sul;Casearia decandra;6,7
19;Sul;Quillaja brasiliensis;7,8
19;Sul;Cupania vernalis;5,6
19;Sul;Sapium glandulosum;6,1
19;Sul;Sapium glandulosum;8,2
19;Sul;Allophylus guaraniticus;6,8
19;Sul;Araucaria angustifolia;44,8
19;Sul;Myrsine umbellata;5,5
19;Sul;Casearia obliqua;33,4
19;Sul;Vernonanthura discolor;14,8
19;Sul;Duranta vestita;6,5
19;Sul;Podocarpus lambertii;22,2
19;Sul;Lamanonia ternata;12,6
19;Sul;Sapium glandulosum;5,5
19;Sul;Zanthoxylum rhoifolium;10,3
19;Sul;Annona rugulosa;10,9
19;Sul;Vernonanthura discolor;33,6
19;Sul;Myrsine umbellata;5,3
19;Sul;Vernonanthura discolor;22,3
19;Sul;Dicksonia sellowiana;20,5
19;Sul;Allophylus guaraniticus;5,3
19;Sul;Cedrela fissilis;19,8
19;Sul;Oreopanax fulvus;9,4
19;Sul;Oreopanax fulvus;5,1
20;Sul;Sapium glandulosum;6,6
20;Sul;Vernonanthura discolor;22
20;Sul;Dicksonia sellowiana;19,3
20;Sul;Lamanonia ternata;8,6
20;Sul;Dicksonia sellowiana;19,1
20;Sul;Cupania vernalis;6,2
20;Sul;Sapium glandulosum;14,5
20;Sul;Dicksonia sellowiana;37,5
20;Sul;Banara tomentosa;6,3
20;Sul;Dicksonia sellowiana;28,6
20;Sul;Sapium glandulosum;8,6
20;Sul;Matayba elaeagnoides;19,4
20;Sul;Dicksonia sellowiana;17,9
20;Sul;Lamanonia ternata;6,9
20;Sul;Dicksonia sellowiana;14,6
20;Sul;Lithraea brasiliensis;40,4
20;Sul;Casearia obliqua;10,1
20;Sul;Lamanonia ternata;5,6
20;Sul;Casearia decandra;9,9
20;Sul;Araucaria angustifolia;25,8
20;Sul;Myrsine coriacea;19,2
20;Sul;Araucaria angustifolia;6,6
20;Sul;Sapium glandulosum;10,8
20;Sul;Sapium glandulosum;11,9
20;Sul;Lamanonia ternata;13,4
20;Sul;Sapium glandulosum;12,5
20;Sul;Dicksonia sellowiana;27,7
20;Sul;Sapium glandulosum;7,8
20;Sul;Matayba elaeagnoides;5,9
20;Sul;Ocotea pulchella;30,9
20;Sul;Cupania vernalis;8,2
20;Sul;Dicksonia sellowiana;41
20;Sul;Dasyphyllum tomentosum;5,6
20;Sul;Symplocos uniflora;8
20;Sul;Dicksonia sellowiana;42,9
20;Sul;Sapium glandulosum;9,5
20;Sul;Lamanonia ternata;8,9
20;Sul;Sapium glandulosum;16,2
20;Sul;Dicksonia sellowiana;21,4
20;Sul;Dicksonia sellowiana;25,1
21;Sul;Zanthoxylum rhoifolium;8,8
21;Sul;Celtis iguanaea;5,4
21;Sul;Sapium glandulosum;8,8
21;Sul;Araucaria angustifolia;54,4
21;Sul;Celtis iguanaea;6,7
21;Sul;Celtis iguanaea;6,9
21;Sul;Dicksonia sellowiana;27,1
21;Sul;Casearia obliqua;8,6
21;Sul;Celtis iguanaea;7,1
21;Sul;Celtis iguanaea;28,6
21;Sul;Duranta vestita;8,3
21;Sul;Blepharocalyx salicifolius;7,3
21;Sul;Campomanesia xanthocarpa;6,1
21;Sul;Araucaria angustifolia;13,8
21;Sul;Banara tomentosa;5,6
21;Sul;Araucaria angustifolia;13,5
21;Sul;Dicksonia sellowiana;21,4
21;Sul;Casearia obliqua;11,7
21;Sul;Casearia obliqua;21
21;Sul;Casearia decandra;6,4
21;Sul;Casearia obliqua;13,7
21;Sul;Casearia decandra;8,5
21;Sul;Xylosma ciliatifolia;9,3
21;Sul;Casearia obliqua;6,9
21;Sul;Podocarpus lambertii;6,6
21;Sul;Casearia decandra;7,8
21;Sul;Casearia decandra;11
21;Sul;Lithraea brasiliensis;23,1
21;Sul;Sapium glandulosum;15,3
21;Sul;Casearia decandra;6,1
21;Sul;Araucaria angustifolia;6,7
21;Sul;Solanum sanctaecatharinae;12
21;Sul;Casearia decandra;5,5
21;Sul;Araucaria angustifolia;10,6
21;Sul;Banara tomentosa;7,8
21;Sul;Celtis iguanaea;7,6
21;Sul;Celtis iguanaea;6,2
22;Sul;Matayba elaeagnoides;12,3
22;Sul;Cinnamomum amoenum;41,6
22;Sul;Matayba elaeagnoides;15,4
22;Sul;Dalbergia frutescens;12,2
22;Sul;Matayba elaeagnoides;19,6
22;Sul;Matayba elaeagnoides;18,4
22;Sul;Matayba elaeagnoides;5,3
22;Sul;Matayba elaeagnoides;17
22;Sul;Eugenia pyriformis;19,9
22;Sul;Matayba elaeagnoides;15,9
22;Sul;Matayba elaeagnoides;12
22;Sul;Matayba elaeagnoides;15,4
22;Sul;Matayba elaeagnoides;9,1
22;Sul;Coutarea hexandra;22,6
22;Sul;Xylosma ciliatifolia;9,4
22;Sul;Xylosma ciliatifolia;6,9
22;Sul;Xylosma ciliatifolia;5,8
22;Sul;Casearia obliqua;18,2
22;Sul;Casearia obliqua;18,5
22;Sul;Casearia decandra;5,7
22;Sul;Maytenus dasyclada;10
22;Sul;Matayba elaeagnoides;21,9
22;Sul;Podocarpus lambertii;6,3
22;Sul;Casearia decandra;33,1
22;Sul;Matayba elaeagnoides;14,3
23;Sul;Casearia obliqua;26,4
23;Sul;Dasyphyllum spinescens;13,6
23;Sul;Araucaria angustifolia;10,5
23;Sul;Casearia obliqua;18,9
23;Sul;Casearia obliqua;17,2
23;Sul;Araucaria angustifolia;12,4
23;Sul;Duranta vestita;12,5
23;Sul;Allophylus edulis;14,4
23;Sul;Casearia decandra;17,1
23;Sul;Xylosma ciliatifolia;5,3
23;Sul;Araucaria angustifolia;30,9
23;Sul;Xylosma ciliatifolia;7,5
23;Sul;Dasyphyllum tomentosum;40,6
23;Sul;Xylosma ciliatifolia;16,7
23;Sul;Lithraea brasiliensis;38,6
23;Sul;Araucaria angustifolia;16,8
23;Sul;Machaerium paraguariense;12
23;Sul;Erythroxylum deciduum;7,7
23;Sul;Casearia obliqua;9,8
23;Sul;Casearia obliqua;12,4
23;Sul;Oreopanax fulvus;6,4
23;Sul;Casearia decandra;7,2
23;Sul;Casearia obliqua;6,6
23;Sul;Casearia decandra;11,4
23;Sul;Sapium glandulosum;30,8
23;Sul;Casearia obliqua;6,4
23;Sul;Solanum sanctaecatharinae;23,9
24;Sul;Ilex theezans;18,9
24;Sul;Jacaranda puberula;15,5
24;Sul;Annona rugulosa;10,1
24;Sul;Casearia decandra;6
24;Sul;Jacaranda puberula;7
24;Sul;Lithraea brasiliensis;27,2
24;Sul;Jacaranda puberula;16,6
24;Sul;Sapium glandulosum;14,6
24;Sul;Dalbergia frutescens;6,3
24;Sul;Lithraea brasiliensis;26,4
24;Sul;Myrsine umbellata;6,7
24;Sul;Allophylus edulis;5,3
24;Sul;Casearia obliqua;42,3
24;Sul;Duranta vestita;6,9
24;Sul;Jacaranda puberula;9,1
24;Sul;Cedrela fissilis;14,9
24;Sul;Annona rugulosa;7,4
24;Sul;Eugenia pyriformis;5,6
24;Sul;Araucaria angustifolia;16,8
24;Sul;Casearia obliqua;15,5
24;Sul;Xylosma ciliatifolia;5,9
24;Sul;Araucaria angustifolia;8,2
24;Sul;Jacaranda puberula;6,6
24;Sul;Casearia obliqua;7
24;Sul;Machaerium paraguariense;29,3
24;Sul;Casearia obliqua;6,4
24;Sul;Casearia decandra;9,3
24;Sul;Myrcia guianensis;5,7
24;Sul;Casearia decandra;5,6
24;Sul;Jacaranda puberula;11,5
24;Sul;Sapium glandulosum;6,2
24;Sul;Celtis iguanaea;6,7
24;Sul;Xylosma ciliatifolia;7,8
24;Sul;Lithraea brasiliensis;25,5
24;Sul;Jacaranda puberula;5,4
24;Sul;Sapium glandulosum;9,7
24;Sul;Sapium glandulosum;7,6
24;Sul;Zanthoxylum rhoifolium;16,2
24;Sul;Dasyphyllum tomentosum;39,2
24;Sul;Allophylus guaraniticus;10,2
25;Sul;Casearia decandra;10,4
25;Sul;Myrcia hatschbachii;6,9
25;Sul;Myrcia multiflora;31
25;Sul;Casearia obliqua;17,3
25;Sul;Maytenus dasyclada;18,3
25;Sul;Campomanesia xanthocarpa;33,3
25;Sul;Araucaria angustifolia;22,3
25;Sul;Araucaria angustifolia;47,7
25;Sul;Casearia decandra;12,1
25;Sul;Lithraea brasiliensis;15
25;Sul;Casearia decandra;7,5
25;Sul;Myrcia guianensis;13,6
25;Sul;Araucaria angustifolia;43,8
25;Sul;Eugenia pyriformis;13,1
25;Sul;Podocarpus lambertii;23,2
25;Sul;Jacaranda puberula;7,1
25;Sul;Nectandra megapotamica;17
25;Sul;Myrcia palustris;7,1
25;Sul;Drimys brasiliensis;13,2
25;Sul;Araucaria angustifolia;8,5
25;Sul;Sapium glandulosum;15,6
25;Sul;Casearia decandra;7,5
25;Sul;Prunus myrtifolia;29,9
25;Sul;Cupania vernalis;25,9
25;Sul;Casearia decandra;7,8
26;Sul;Casearia decandra;9,7
26;Sul;Casearia obliqua;7,7
26;Sul;Sapium glandulosum;14,7
26;Sul;Duranta vestita;8,3
26;Sul;Sapium glandulosum;10,8
26;Sul;Sapium glandulosum;23,4
26;Sul;Cupania vernalis;13,6
26;Sul;Cupania vernalis;14,6
26;Sul;Cupania vernalis;11,7
26;Sul;Casearia obliqua;5,9
26;Sul;Casearia obliqua;8,9
26;Sul;Machaerium paraguariense;36,4
26;Sul;Casearia decandra;9,2
26;Sul;Podocarpus lambertii;6,8
26;Sul;Ocotea pulchella;49,4
26;Sul;Sapium glandulosum;18,4
26;Sul;Jacaranda puberula;7,6
26;Sul;Sapium glandulosum;7,4
26;Sul;Jacaranda puberula;8
26;Sul;Myrsine coriacea;26,4
26;Sul;Jacaranda puberula;14,1
26;Sul;Jacaranda puberula;7,3
26;Sul;Casearia decandra;8,4
26;Sul;Sapium glandulosum;13,7
26;Sul;Casearia decandra;7,4
26;Sul;Jacaranda puberula;9,2
26;Sul;Sapium glandulosum;21
26;Sul;Jacaranda puberula;17,8
26;Sul;Sapium glandulosum;8,1
26;Sul;Sapium glandulosum;7,9
26;Sul;Duranta vestita;7,4
26;Sul;Casearia decandra;5,3
26;Sul;Podocarpus lambertii;11
26;Sul;Sapium glandulosum;11,4
26;Sul;Annona rugulosa;8,8
27;Sul;Jacaranda puberula;10,4
27;Sul;Myrcia palustris;12,8
27;Sul;Sapium glandulosum;6,2
27;Sul;Podocarpus lambertii;7,3
27;Sul;Sapium glandulosum;5,7
27;Sul;Casearia decandra;6,7
27;Sul;Vernonanthura discolor;32,6
27;Sul;Solanum sanctaecatharinae;8,1
27;Sul;Prunus myrtifolia;11,3
27;Sul;Sapium glandulosum;15,7
27;Sul;Casearia decandra;8,3
27;Sul;Jacaranda puberula;7,9
27;Sul;Myrsine umbellata;6,2
27;Sul;Sapium glandulosum;29,6
27;Sul;Vernonanthura discolor;32,9
27;Sul;Casearia decandra;5,2
27;Sul;Jacaranda puberula;16,3
27;Sul;Vernonanthura discolor;33,7
27;Sul;Casearia obliqua;11,4
27;Sul;Maytenus dasyclada;13,8
27;Sul;Ocotea pulchella;19,5
27;Sul;Myrsine umbellata;16
27;Sul;Jacaranda puberula;6,2
27;Sul;Lamanonia ternata;45,5
27;Sul;Roupala montana;6,9
27;Sul;Lithraea brasiliensis;29,3
27;Sul;Ocotea pulchella;37,7
27;Sul;Casearia decandra;5,2
27;Sul;Eugenia pyriformis;13,1
27;Sul;Casearia obliqua;7,4
27;Sul;Araucaria angustifolia;13,9
27;Sul;Cupania vernalis;9,1
27;Sul;Podocarpus lambertii;6,1
27;Sul;Allophylus edulis;5
27;Sul;Lithraea brasiliensis;32,3
27;Sul;Podocarpus lambertii;9,1
27;Sul;Ocotea pulchella;32,1
28;Sul;Gochnatia polymorpha;5,8
28;Sul;Lamanonia ternata;11,4
28;Sul;Jacaranda puberula;15,1
28;Sul;Casearia decandra;5,2
28;Sul;Podocarpus lambertii;10,1
28;Sul;Sapium glandulosum;8,7
28;Sul;Sapium glandulosum;10,6
28;Sul;Jacaranda puberula;8
28;Sul;Matayba elaeagnoides;26,6
28;Sul;Duranta vestita;11,3
28;Sul;Duranta vestita;8,4
28;Sul;Jacaranda puberula;14,5
28;Sul;Dicksonia sellowiana;18,7
28;Sul;Lithraea brasiliensis;67,6
28;Sul;Araucaria angustifolia;39,3
28;Sul;Casearia decandra;6,6
28;Sul;Dasyphyllum tomentosum;17,5
28;Sul;Duranta vestita;7,9
28;Sul;Dasyphyllum spinescens;15,9
28;Sul;Sapium glandulosum;19,4
28;Sul;Celtis iguanaea;5,7
28;Sul;Drimys brasiliensis;11,3
28;Sul;Campomanesia xanthocarpa;18,5
28;Sul;Sapium glandulosum;16,9
28;Sul;Dalbergia frutescens;18,2
29;Sul;Podocarpus lambertii;6,4
29;Sul;Duranta vestita;11,2
29;Sul;Casearia obliqua;5,2
29;Sul;Campomanesia xanthocarpa;17,1
29;Sul;Casearia decandra;6,5
29;Sul;Casearia decandra;6,2
29;Sul;Jacaranda puberula;5,5
29;Sul;Jacaranda puberula;10,7
29;Sul;Sapium glandulosum;27,1
29;Sul;Lithraea brasiliensis;30,8
29;Sul;Sapium glandulosum;25,9
29;Sul;Zanthoxylum rhoifolium;15,8
29;Sul;Araucaria angustifolia;22,1
29;Sul;Myrsine umbellata;7,8
29;Sul;Jacaranda puberula;13
29;Sul;Zanthoxylum rhoifolium;15,8
29;Sul;Sapium glandulosum;7,2
29;Sul;Myrsine umbellata;21,7
29;Sul;Araucaria angustifolia;16,4
29;Sul;Araucaria angustifolia;6,7
29;Sul;Blepharocalyx salicifolius;21,7
29;Sul;Casearia decandra;5,5
30;Sul;Sebastiania commersoniana;11,1
30;Sul;Casearia decandra;10,1
30;Sul;Sebastiania commersoniana;28,8
30;Sul;Sebastiania commersoniana;6,3
30;Sul;Ocotea pulchella;24,4
30;Sul;Lithraea brasiliensis;17,3
30;Sul;Duranta vestita;6,8
30;Sul;Casearia decandra;5,9
30;Sul;Solanum pabstii;6,8
30;Sul;Araucaria angustifolia;5,5
30;Sul;Araucaria angustifolia;7,2
30;Sul;Cinnamomum amoenum;6,5
30;Sul;Nectandra megapotamica;7
30;Sul;Araucaria angustifolia;5,5
30;Sul;Allophylus edulis;12,3
30;Sul;Ocotea diospyrifolia;18,7
30;Sul;Dicksonia sellowiana;28,3
30;Sul;Araucaria angustifolia;33,1
30;Sul;Casearia decandra;11,4
30;Sul;Casearia decandra;8,8
30;Sul;Zanthoxylum rhoifolium;13,4
30;Sul;Zanthoxylum rhoifolium;12,5
30;Sul;Zanthoxylum rhoifolium;8,6
30;Sul;Ilex theezans;7,5
30;Sul;Allophylus edulis;9
30;Sul;Sebastiania commersoniana;5,2
30;Sul;Zanthoxylum rhoifolium;11,7
30;Sul;Erythroxylum deciduum;20,2
30;Sul;Sebastiania commersoniana;26,9
30;Sul;Sebastiania commersoniana;19,6
30;Sul;Sebastiania commersoniana;22,7
30;Sul;Eugenia pyriformis;5
30;Sul;Sebastiania commersoniana;9
30;Sul;Sebastiania commersoniana;12,9
30;Sul;Sebastiania commersoniana;14,5
30;Sul;Casearia decandra;6,6
30;Sul;Lamanonia ternata;6,7
31;Sul;Prunus myrtifolia;32
31;Sul;Podocarpus lambertii;13,9
31;Sul;Machaerium paraguariense;8,6
31;Sul;Araucaria angustifolia;5,5
31;Sul;Myrsine umbellata;6,9
31;Sul;Araucaria angustifolia;5,9
31;Sul;Roupala montana;11,9
31;Sul;Cinnamomum amoenum;29,9
31;Sul;Cinnamomum amoenum;18,6
31;Sul;Araucaria angustifolia;16,1
31;Sul;Casearia decandra;7,7
31;Sul;Lithraea brasiliensis;34,7
31;Sul;Araucaria angustifolia;14,9
31;Sul;Duranta vestita;11,7
31;Sul;Lithraea brasiliensis;22
31;Sul;Myrsine umbellata;5,8
31;Sul;Duranta vestita;11
31;Sul;Ocotea puberula;42,7
31;Sul;Xylosma tweediana;6,1
31;Sul;Myrsine umbellata;6,7
31;Sul;Casearia decandra;8,5
31;Sul;Lithraea brasiliensis;38,6
31;Sul;Araucaria angustifolia;17,8
31;Sul;Machaerium paraguariense;17,2
31;Sul;Casearia decandra;6,5
31;Sul;Ocotea pulchella;33,6
31;Sul;Blepharocalyx salicifolius;7
31;Sul;Araucaria angustifolia;32,1
31;Sul;Podocarpus lambertii;6,1
31;Sul;Machaerium paraguariense;9,9
31;Sul;Blepharocalyx salicifolius;5,3
31;Sul;Myrrhinium atropurpureum;9,8
31;Sul;Roupala montana;37,7
31;Sul;Machaerium paraguariense;15,5
31;Sul;Machaerium paraguariense;13,6
31;Sul;Machaerium paraguariense;6
31;Sul;Ocotea pulchella;8,5
31;Sul;Lithraea brasiliensis;13,4
31;Sul;Myrcia palustris;8,3
31;Sul;Casearia decandra;8,3
31;Sul;Araucaria angustifolia;10,2
32;Sul;Podocarpus lambertii;7,9
32;Sul;Lamanonia ternata;5,9
32;Sul;Drimys brasiliensis;6,7
32;Sul;Araucaria angustifolia;11,8
32;Sul;Duranta vestita;7,4
32;Sul;Handroanthus albus;20,3
32;Sul;Lithraea brasiliensis;18,7
32;Sul;Ilex theezans;6
32;Sul;Myrsine umbellata;6,4
32;Sul;Duranta vestita;5,2
32;Sul;Duranta vestita;11,8
32;Sul;Araucaria angustifolia;44,4
32;Sul;Jacaranda puberula;11,8
32;Sul;Jacaranda puberula;10,8
32;Sul;Annona rugulosa;7,7
32;Sul;Myrsine coriacea;23
32;Sul;Prunus myrtifolia;13,9
32;Sul;Prunus myrtifolia;27,1
32;Sul;Symplocos uniflora;11,3
32;Sul;Jacaranda puberula;6,8
32;Sul;Jacaranda puberula;8,5
32;Sul;Myrcia palustris;18,9
32;Sul;Ocotea pulchella;23,4
32;Sul;Jacaranda puberula;14,5
32;Sul;Podocarpus lambertii;11,2
32;Sul;Araucaria angustifolia;9,2
32;Sul;Myrcia palustris;5
32;Sul;Jacaranda puberula;6
32;Sul;Araucaria angustifolia;14
32;Sul;Myrcia palustris;9,9
32;Sul;Casearia decandra;5,3
32;Sul;Jacaranda puberula;7,1
32;Sul;Araucaria angustifolia;39,6
32;Sul;Drimys brasiliensis;5,2
32;Sul;Casearia decandra;5,8
32;Sul;Symplocos uniflora;5,3
33;Sul;Blepharocalyx salicifolius;6,7
33;Sul;Myrcia guianensis;8
33;Sul;Casearia decandra;7,6
33;Sul;Myrsine umbellata;9,7
33;Sul;Lithraea brasiliensis;30
33;Sul;Ilex theezans;13,8
33;Sul;Casearia decandra;9,3
33;Sul;Vernonanthura discolor;32,3
33;Sul;Casearia decandra;6,5
33;Sul;Lamanonia ternata;15,5
33;Sul;Drimys brasiliensis;6,1
33;Sul;Cupania vernalis;10,2
33;Sul;Myrcia guianensis;6,1
33;Sul;Banara tomentosa;7,5
33;Sul;Casearia decandra;8,9
33;Sul;Myrcia guianensis;6,4
33;Sul;Casearia decandra;8,6
33;Sul;Podocarpus lambertii;12,2
33;Sul;Ocotea pulchella;16,2
33;Sul;Coutarea hexandra;6
33;Sul;Casearia decandra;11,7
33;Sul;Duranta vestita;7,3
33;Sul;Myrcia guianensis;14
33;Sul;Myrcia hatschbachii;21,7
33;Sul;Lamanonia ternata;41,2
33;Sul;Zanthoxylum rhoifolium;11,1
33;Sul;Banara tomentosa;11,3
33;Sul;Banara tomentosa;15
33;Sul;Dicksonia sellowiana;33,1
34;Sul;Myrcia hatschbachii;8,7
34;Sul;Lamanonia ternata;31,6
34;Sul;Banara tomentosa;6,2
34;Sul;Clethra scabra;7,8
34;Sul;Myrcia hatschbachii;5,8
34;Sul;Myrcia hatschbachii;14,8
34;Sul;Myrcia hatschbachii;8,2
34;Sul;Prunus myrtifolia;27,4
34;Sul;Casearia decandra;7,8
34;Sul;Myrcia guianensis;6
34;Sul;Xylosma ciliatifolia;10,7
34;Sul;Araucaria angustifolia;12,3
34;Sul;Cupania vernalis;6,9
34;Sul;Clethra scabra;13,7
34;Sul;Ilex theezans;25,3
34;Sul;Casearia decandra;9,5
34;Sul;Lamanonia ternata;23,5
34;Sul;Lamanonia ternata;26,8
34;Sul;Solanum sanctaecatharinae;15
35;Sul;Casearia decandra;5,3
35;Sul;Zanthoxylum rhoifolium;11,9
35;Sul;Casearia decandra;5,8
35;Sul;Eugenia uruguayensis;5,3
35;Sul;Nectandra megapotamica;26,3
35;Sul;Zanthoxylum rhoifolium;6,3
35;Sul;Myrsine umbellata;6,3
35;Sul;Lamanonia ternata;12,1
35;Sul;Podocarpus lambertii;5,4
35;Sul;Araucaria angustifolia;13,8
35;Sul;Lamanonia ternata;13,5
35;Sul;Cinnamomum amoenum;6,7
35;Sul;Myrsine coriacea;10,3
35;Sul;Araucaria angustifolia;22
35;Sul;Lithraea brasiliensis;12,6
35;Sul;Lamanonia ternata;9,7
35;Sul;Ilex theezans;6
35;Sul;Myrsine umbellata;7,5
35;Sul;Podocarpus lambertii;10,2
35;Sul;Myrcia hatschbachii;10,2
35;Sul;Araucaria angustifolia;22,4
35;Sul;Casearia decandra;7,4
35;Sul;Lamanonia ternata;12,2
35;Sul;Zanthoxylum rhoifolium;12
35;Sul;Myrsine umbellata;8,1
35;Sul;Casearia decandra;6,3
35;Sul;Casearia decandra;7,1
35;Sul;Lamanonia ternata;42
35;Sul;Podocarpus lambertii;5,8
35;Sul;Ilex theezans;5,9
35;Sul;Ocotea pulchella;10,9
35;Sul;Cupania vernalis;12,3
36;Sul;Cupania vernalis;16,6
36;Sul;Casearia obliqua;9,4
36;Sul;Cupania vernalis;10,8
36;Sul;Casearia obliqua;6,2
36;Sul;Cupania vernalis;20,7
36;Sul;Cupania vernalis;11,6
36;Sul;Zanthoxylum rhoifolium;12,2
36;Sul;Duranta vestita;18
36;Sul;Scutia buxifolia;8,2
36;Sul;Casearia decandra;7,5
36;Sul;Sapium glandulosum;14,5
36;Sul;Allophylus guaraniticus;13,8
36;Sul;Sapium glandulosum;24,5
36;Sul;Sapium glandulosum;18,9
36;Sul;Annona rugulosa;13,5
36;Sul;Lithraea brasiliensis;17,4
36;Sul;Cupania vernalis;9
36;Sul;Casearia decandra;8,6
36;Sul;Cupania vernalis;8,4
36;Sul;Cupania vernalis;6,2
36;Sul;Duranta vestita;8,1
36;Sul;Podocarpus lambertii;28,5
36;Sul;Podocarpus lambertii;9,5
36;Sul;Prunus myrtifolia;16,2
36;Sul;Araucaria angustifolia;24,7
36;Sul;Lamanonia ternata;13,1
36;Sul;Podocarpus lambertii;14,5
36;Sul;Podocarpus lambertii;19,1
36;Sul;Scutia buxifolia;10,3
36;Sul;Cupania vernalis;16
37;Sul;Vernonanthura discolor;18,4
37;Sul;Symplocos uniflora;12,4
37;Sul;Ilex theezans;6,2
37;Sul;Cinnamomum amoenum;25
37;Sul;Ilex dumosa;10,9
37;Sul;Ilex dumosa;9,1
37;Sul;Myrrhinium atropurpureum;10,2
37;Sul;Myrsine umbellata;8,1
37;Sul;Lamanonia ternata;7,8
37;Sul;Jacaranda puberula;12,9
37;Sul;Lamanonia ternata;7,4
37;Sul;Jacaranda puberula;10,2
37;Sul;Casearia decandra;15,3
37;Sul;Myrcia guianensis;14,2
37;Sul;Matayba elaeagnoides;7,2
37;Sul;Sapium glandulosum;21,7
37;Sul;Sapium glandulosum;32,8
37;Sul;Matayba elaeagnoides;20
37;Sul;Ocotea pulchella;16,4
37;Sul;Dicksonia sellowiana;16,9
37;Sul;Dicksonia sellowiana;15,6
37;Sul;Dicksonia sellowiana;15,3
37;Sul;Ilex microdonta;16,8
37;Sul;Ocotea pulchella;7,1
37;Sul;Allophylus edulis;5,1
37;Sul;Dicksonia sellowiana;22,2
37;Sul;Allophylus guaraniticus;6,2
37;Sul;Sapium glandulosum;12,4
37;Sul;Dicksonia sellowiana;19,2
37;Sul;Dicksonia sellowiana;18,3
37;Sul;Lamanonia ternata;33
37;Sul;Dicksonia sellowiana;14
37;Sul;Cupania vernalis;13,2
37;Sul;Prunus myrtifolia;6,2
37;Sul;Casearia decandra;9,8
37;Sul;Prunus myrtifolia;13,8
37;Sul;Maytenus boaria;12,4
37;Sul;Prunus myrtifolia;30,1
37;Sul;Clethra scabra;27,8
37;Sul;Ocotea pulchella;7,2
37;Sul;Sapium glandulosum;6,7
37;Sul;Drimys brasiliensis;11,9
37;Sul;Myrcia guianensis;11,8
37;Sul;Jacaranda puberula;15,6
37;Sul;Myrsine umbellata;22,8
37;Sul;Styrax leprosus;6,2
37;Sul;Prunus myrtifolia;10,4
37;Sul;Clethra scabra;11,4
37;Sul;Matayba elaeagnoides;8,8
37;Sul;Cinnamomum amoenum;17,2
37;Sul;Roupala montana;12,1
37;Sul;Podocarpus lambertii;29,9
37;Sul;Casearia obliqua;5,9
38;Sul;Prunus myrtifolia;11,9
38;Sul;Dicksonia sellowiana;20
38;Sul;Casearia obliqua;11,5
38;Sul;Cupania vernalis;5,3
38;Sul;Scutia buxifolia;9,8
38;Sul;Zanthoxylum rhoifolium;6,8
38;Sul;Ilex theezans;32,9
38;Sul;Ocotea puberula;35,4
38;Sul;Roupala montana;12,7
38;Sul;Myrsine umbellata;11,5
38;Sul;Styrax leprosus;13,5
38;Sul;Roupala montana;12,3
38;Sul;Lamanonia ternata;17,5
38;Sul;Styrax leprosus;15
38;Sul;Myrcia hatschbachii;8,3
38;Sul;Casearia decandra;58,6
38;Sul;Cupania vernalis;15,9
38;Sul;Casearia decandra;6,8
38;Sul;Lamanonia ternata;59,8
38;Sul;Myrcia hatschbachii;14,3
38;Sul;Cupania vernalis;6,2
38;Sul;Dicksonia sellowiana;20,9
38;Sul;Casearia obliqua;6,5
38;Sul;Dicksonia sellowiana;16,5
38;Sul;Lamanonia ternata;17,2
38;Sul;Myrcia hatschbachii;5,4
38;Sul;Eugenia pluriflora;7,4
38;Sul;Lithraea brasiliensis;17,3
38;Sul;Schinus terebinthifolius;10,2
38;Sul;Podocarpus lambertii;46,6
39;Sul;Casearia obliqua;5,6
39;Sul;Myrcia palustris;6
39;Sul;Nectandra megapotamica;6,5
39;Sul;Cupania vernalis;15,2
39;Sul;Sapium glandulosum;20,7
39;Sul;Jacaranda puberula;11,1
39;Sul;Celtis iguanaea;10,5
39;Sul;Myrsine umbellata;8,6
39;Sul;Jacaranda puberula;6,6
39;Sul;Lithraea brasiliensis;32,9
39;Sul;Cupania vernalis;17,9
39;Sul;Araucaria angustifolia;7,3
39;Sul;Ocotea pulchella;8,5
39;Sul;Zanthoxylum rhoifolium;5,3
39;Sul;Jacaranda puberula;11
39;Sul;Lithraea brasiliensis;23,6
39;Sul;Araucaria angustifolia;12
;;;
39;Sul;Jacaranda puberula;12,4
;;;
39;Sul;Cupania vernalis;7,2
39;Sul;Myrcia palustris;6,2
39;Sul;Myrcia guianensis;5,8
39;Sul;Zanthoxylum rhoifolium;6,6
39;Sul;Jacaranda puberula;10,5
39;Sul;Matayba elaeagnoides;7,6
39;Sul;Casearia obliqua;6,6
40;Sul;Podocarpus lambertii;5,6
40;Sul;Eugenia uniflora;6,3
40;Sul;Roupala montana;7,1
40;Sul;Matayba elaeagnoides;6,5
40;Sul;Ocotea puberula;11,5
40;Sul;Ocotea pulchella;9,5
40;Sul;Lithraea brasiliensis;11
40;Sul;Myrsine umbellata;6,6
40;Sul;Dalbergia frutescens;7,7
40;Sul;Machaerium paraguariense;7,1
40;Sul;Cupania vernalis;5,5
40;Sul;Ilex theezans;5,3
40;Sul;Lamanonia ternata;5
40;Sul;Zanthoxylum rhoifolium;10,5
40;Sul;Lithraea brasiliensis;8,6
40;Sul;Myrsine umbellata;9,9
40;Sul;Matayba elaeagnoides;9
40;Sul;Podocarpus lambertii;14,2
40;Sul;Zanthoxylum rhoifolium;13,7
40;Sul;Prunus myrtifolia;14,4
40;Sul;Allophylus guaraniticus;7,7
40;Sul;Casearia decandra;5,6
40;Sul;Lithraea brasiliensis;8,4
40;Sul;Blepharocalyx salicifolius;5,2
40;Sul;Lamanonia ternata;6,4
40;Sul;Duranta vestita;7,2
40;Sul;Sebastiania commersoniana;5,6
40;Sul;Myrsine coriacea;25,5
40;Sul;Myrcia palustris;12,6
40;Sul;Lithraea brasiliensis;6,6
40;Sul;Dalbergia frutescens;5,8
40;Sul;Roupala montana;12,8
40;Sul;Symplocos uniflora;22,8
40;Sul;Lamanonia ternata;6,8
40;Sul;Podocarpus lambertii;7,4
40;Sul;Podocarpus lambertii;9,6
40;Sul;Podocarpus lambertii;13
40;Sul;Casearia decandra;5,9
40;Sul;Roupala montana;7,8
40;Sul;Myrsine umbellata;10
40;Sul;Eugenia pluriflora;6,7
40;Sul;Machaerium stipitatum;20
40;Sul;Lithraea brasiliensis;14,9
41;Sul;Lamanonia ternata;33,8
41;Sul;Ilex dumosa;9,1
41;Sul;Sebastiania brasiliensis;7
41;Sul;Vernonanthura discolor;13,2
41;Sul;Oreopanax fulvus;12,4
41;Sul;Myrcia guianensis;7,8
41;Sul;Sebastiania brasiliensis;10,9
41;Sul;Vernonanthura discolor;17,3
41;Sul;Sapium glandulosum;12,9
41;Sul;Sapium glandulosum;16,9
41;Sul;Ocotea puberula;7,3
41;Sul;Nectandra megapotamica;10
41;Sul;Dalbergia frutescens;16,8
41;Sul;Cupania vernalis;9,4
41;Sul;Myrcia hatschbachii;26,8
41;Sul;Coutarea hexandra;7,8
41;Sul;Ocotea pulchella;7,7
41;Sul;Prunus myrtifolia;5,2
41;Sul;Casearia decandra;8,7
41;Sul;Eugenia uniflora;18
41;Sul;Lithraea brasiliensis;9,3
41;Sul;Lithraea brasiliensis;6,8
41;Sul;Ilex brevicuspis;24,7
41;Sul;Dicksonia sellowiana;20,7
41;Sul;Sebastiania brasiliensis;10,2
41;Sul;Nectandra lanceolata;8
41;Sul;Duranta vestita;14,7
41;Sul;Myrsine coriacea;19
41;Sul;Lithraea brasiliensis;6,7
41;Sul;Sebastiania brasiliensis;6,4
41;Sul;Styrax leprosus;11,2
41;Sul;Sebastiania brasiliensis;7,3
41;Sul;Ilex brevicuspis;6,6
41;Sul;Lithraea brasiliensis;7,8
41;Sul;Podocarpus lambertii;41,5
41;Sul;Ilex brevicuspis;8
42;Sul;Lauraceae 1;18,6
42;Sul;Ilex microdonta;11,9
42;Sul;Casearia decandra;5,7
42;Sul;Lamanonia ternata;15,5
42;Sul;Sebastiania brasiliensis;8,7
42;Sul;Cupania vernalis;16,4
42;Sul;Myrcia hatschbachii;24,8
42;Sul;Nectandra megapotamica;5,5
42;Sul;Myrcia hatschbachii;7,1
42;Sul;Scutia buxifolia;9,2
42;Sul;Scutia buxifolia;32,7
42;Sul;Araucaria angustifolia;38,1
42;Sul;Lithraea brasiliensis;41,4
43;Sul;Zanthoxylum rhoifolium;29,2
43;Sul;Cupania vernalis;9,3
43;Sul;Lamanonia ternata;24
43;Sul;Styrax leprosus;17,4
43;Sul;Casearia decandra;5,2
43;Sul;Jacaranda puberula;6,5
43;Sul;Prunus myrtifolia;17,9
43;Sul;Solanum sanctaecatharinae;8,2
43;Sul;Ilex brevicuspis;21,4
43;Sul;Podocarpus lambertii;22,4
43;Sul;Jacaranda puberula;9,4
43;Sul;Vernonanthura discolor;32,1
43;Sul;Dicksonia sellowiana;15,9
43;Sul;Dicksonia sellowiana;14,4
43;Sul;Casearia decandra;7
43;Sul;Vernonanthura discolor;34,2
43;Sul;Dicksonia sellowiana;17,8
43;Sul;Sapium glandulosum;14,6
43;Sul;Casearia decandra;10,6
43;Sul;Myrsine umbellata;17
43;Sul;Ilex brevicuspis;14,7
43;Sul;Zanthoxylum kleinii;10
43;Sul;Vernonanthura discolor;19,5
44;Sul;Matayba elaeagnoides;7,2
44;Sul;Schinus terebinthifolius;7,3
44;Sul;Matayba elaeagnoides;7,2
44;Sul;Matayba elaeagnoides;54,3
44;Sul;Blepharocalyx salicifolius;5,5
44;Sul;Matayba elaeagnoides;7,3
44;Sul;Inga sessilis;23,3
44;Sul;Matayba elaeagnoides;10,4
44;Sul;Matayba elaeagnoides;7,1
44;Sul;Matayba elaeagnoides;9,2
44;Sul;Machaerium paraguariense;5,7
44;Sul;Matayba elaeagnoides;5,2
44;Sul;Lithraea brasiliensis;7,7
44;Sul;Symplocos uniflora;7,3
44;Sul;Schinus terebinthifolius;17,9
44;Sul;Schinus terebinthifolius;9,7
44;Sul;Schinus terebinthifolius;7
44;Sul;Schinus terebinthifolius;5,5
44;Sul;Schinus terebinthifolius;10,3
44;Sul;Schinus terebinthifolius;7,9
44;Sul;Schinus terebinthifolius;15,6
44;Sul;Acca sellowiana;6,4
44;Sul;Schinus terebinthifolius;8,7
44;Sul;Blepharocalyx salicifolius;8
44;Sul;Symplocos uniflora;7,2
44;Sul;Schinus terebinthifolius;6,3
44;Sul;Schinus terebinthifolius;9,4
44;Sul;Annona rugulosa;13,5
44;Sul;Matayba elaeagnoides;37,1
44;Sul;Lithraea brasiliensis;5,9
44;Sul;Schinus terebinthifolius;7,5
44;Sul;Schinus terebinthifolius;7,6
44;Sul;Schinus terebinthifolius;12
44;Sul;Schinus terebinthifolius;7,5
44;Sul;Schinus terebinthifolius;9,7
44;Sul;Schinus terebinthifolius;9,1
44;Sul;Lithraea brasiliensis;8,8
44;Sul;Lithraea brasiliensis;6,2
44;Sul;Lithraea brasiliensis;17,8
44;Sul;Matayba elaeagnoides;6,3
44;Sul;Campomanesia xanthocarpa;6
44;Sul;Inga sessilis;20,9
44;Sul;Allophylus guaraniticus;14,9
44;Sul;Inga sessilis;15
44;Sul;Inga sessilis;5,6
44;Sul;Blepharocalyx salicifolius;5,2
44;Sul;Blepharocalyx salicifolius;5,5
45;Sul;Matayba elaeagnoides;11,5
45;Sul;Matayba elaeagnoides;12,8
45;Sul;Matayba elaeagnoides;8,5
45;Sul;Campomanesia xanthocarpa;10,2
45;Sul;Allophylus guaraniticus;6,3
45;Sul;Matayba elaeagnoides;8
45;Sul;Matayba elaeagnoides;6,5
45;Sul;Machaerium paraguariense;8,1
45;Sul;Myrcia palustris;10,7
45;Sul;Myrsine coriacea;10
45;Sul;Styrax leprosus;14,4
45;Sul;Styrax leprosus;15,6
45;Sul;Matayba elaeagnoides;26,8
45;Sul;Matayba elaeagnoides;27,2
45;Sul;Sapium glandulosum;19,1
45;Sul;Oreopanax fulvus;13,6
45;Sul;Dasyphyllum tomentosum;11,8
45;Sul;Allophylus guaraniticus;8,5
45;Sul;Schinus terebinthifolius;9,4
45;Sul;Matayba elaeagnoides;7,2
45;Sul;Casearia decandra;9,1
45;Sul;Ilex theezans;6,5
45;Sul;Duranta vestita;7,9
45;Sul;Duranta vestita;7
45;Sul;Allophylus guaraniticus;5,6
45;Sul;Matayba elaeagnoides;7,3
45;Sul;Duranta vestita;8,4
45;Sul;Matayba elaeagnoides;27,6
45;Sul;Duranta vestita;7,9
45;Sul;Dasyphyllum tomentosum;14,4
45;Sul;Matayba elaeagnoides;9,5
45;Sul;Cupania vernalis;9,6
45;Sul;Dasyphyllum tomentosum;15,9
45;Sul;Duranta vestita;5,3
45;Sul;Matayba elaeagnoides;8,5
45;Sul;Cupania vernalis;7,7
45;Sul;Escallonia bifida;9,7
45;Sul;Escallonia bifida;11,5
45;Sul;Allophylus guaraniticus;7,5
46;Sul;Myrsine coriacea;5,3
46;Sul;Dasyphyllum tomentosum;7,6
46;Sul;Allophylus guaraniticus;7
46;Sul;Matayba elaeagnoides;5,4
46;Sul;Matayba elaeagnoides;9,2
46;Sul;Matayba elaeagnoides;7,2
46;Sul;Banara tomentosa;9
46;Sul;Matayba elaeagnoides;8,1
46;Sul;Matayba elaeagnoides;8,6
46;Sul;Matayba elaeagnoides;6,9
46;Sul;Myrsine coriacea;8,3
46;Sul;Cupania vernalis;7,8
46;Sul;Cupania vernalis;7,1
46;Sul;Lithraea brasiliensis;12,1
46;Sul;Myrsine coriacea;14,9
46;Sul;Cupania vernalis;7,6
46;Sul;Blepharocalyx salicifolius;6,3
46;Sul;Matayba elaeagnoides;10,2
46;Sul;Ocotea pulchella;16,8
46;Sul;Matayba elaeagnoides;5,8
46;Sul;Solanum sanctaecatharinae;6,1
46;Sul;Matayba elaeagnoides;22
46;Sul;Cupania vernalis;5,7
46;Sul;Cupania vernalis;13,6
46;Sul;Cupania vernalis;9,8
46;Sul;Cupania vernalis;7,8
46;Sul;Cupania vernalis;5,8
46;Sul;Lithraea brasiliensis;8,7
46;Sul;Lithraea brasiliensis;7,7
46;Sul;Duranta vestita;8
46;Sul;Duranta vestita;8
46;Sul;Allophylus guaraniticus;14,2
46;Sul;Myrcia guianensis;6,7
46;Sul;Myrtaceae sp.;9,7
46;Sul;Matayba elaeagnoides;9,4
46;Sul;Lithraea brasiliensis;7,2
46;Sul;Allophylus guaraniticus;6,5
46;Sul;Dasyphyllum tomentosum;14,8
46;Sul;Zanthoxylum rhoifolium;10,6
46;Sul;Blepharocalyx salicifolius;11,7
46;Sul;Machaerium paraguariense;10
46;Sul;Matayba elaeagnoides;6,3
46;Sul;Lithraea brasiliensis;7,7
46;Sul;Lithraea brasiliensis;16,7
46;Sul;Matayba elaeagnoides;9,2
46;Sul;Casearia decandra;7,5
46;Sul;Casearia decandra;12,8
46;Sul;Lithraea brasiliensis;9,2
46;Sul;Machaerium paraguariense;11,3
46;Sul;Dasyphyllum tomentosum;12,7
46;Sul;Blepharocalyx salicifolius;6
46;Sul;Dasyphyllum tomentosum;19,6
46;Sul;Lithraea brasiliensis;9,3
47;Sul;Casearia obliqua;17,3
47;Sul;Dicksonia sellowiana;17,4
47;Sul;Matayba elaeagnoides;20,5
47;Sul;Lithraea brasiliensis;12,9
47;Sul;Banara tomentosa;9
47;Sul;Banara tomentosa;5,3
47;Sul;Dasyphyllum tomentosum;22,4
47;Sul;Matayba elaeagnoides;11,1
47;Sul;Matayba elaeagnoides;29
47;Sul;Allophylus guaraniticus;8,6
47;Sul;Solanum sanctaecatharinae;5,6
47;Sul;Solanum sanctaecatharinae;12,4
47;Sul;Allophylus guaraniticus;5,3
47;Sul;Nectandra lanceolata;26,4
47;Sul;Allophylus guaraniticus;7,1
47;Sul;Sebastiania brasiliensis;9,2
47;Sul;Dicksonia sellowiana;18,9
47;Sul;Dicksonia sellowiana;16,8
47;Sul;Dicksonia sellowiana;22,1
47;Sul;Dicksonia sellowiana;15,8
47;Sul;Cupania vernalis;16,1
47;Sul;Banara tomentosa;5,3
47;Sul;Dalbergia frutescens;11
47;Sul;Annona rugulosa;14
47;Sul;Dicksonia sellowiana;16,4
47;Sul;Cinnamomum amoenum;5,3
47;Sul;Ocotea pulchella;5,2
47;Sul;Lithraea brasiliensis;13,4
47;Sul;Dicksonia sellowiana;19,9
48;Sul;Sebastiania commersoniana;7,2
48;Sul;Myrsine umbellata;5,1
48;Sul;Allophylus guaraniticus;6,7
48;Sul;Cupania vernalis;24,4
48;Sul;Lithraea brasiliensis;17,5
48;Sul;Dasyphyllum tomentosum;8,1
48;Sul;Sebastiania commersoniana;5,5
48;Sul;Banara tomentosa;5,1
48;Sul;Styrax leprosus;18,9
48;Sul;Oreopanax fulvus;8,9
48;Sul;Cupania vernalis;8,6
48;Sul;Dasyphyllum tomentosum;11
48;Sul;Blepharocalyx salicifolius;14,5
48;Sul;Cupania vernalis;8,2
48;Sul;Allophylus guaraniticus;5,4
48;Sul;Duranta vestita;12,4
48;Sul;Oreopanax fulvus;5,3
48;Sul;Prunus myrtifolia;12,9
48;Sul;Lithraea brasiliensis;15,9
48;Sul;Allophylus guaraniticus;15,3
48;Sul;Lithraea brasiliensis;36,6
49;Sul;Dasyphyllum tomentosum;47,1
49;Sul;Nectandra megapotamica;27
49;Sul;Lithraea brasiliensis;25,6
49;Sul;Escallonia bifida;19,6
49;Sul;Sebastiania commersoniana;5,3
49;Sul;Lithraea brasiliensis;8,8
49;Sul;Citronella paniculata;7
49;Sul;Xylosma ciliatifolia;5,3
49;Sul;Jacaranda puberula;5,3
49;Sul;Sebastiania brasiliensis;12,5
49;Sul;Allophylus guaraniticus;6,7
49;Sul;Vernonanthura discolor;18,1
49;Sul;Ocotea pulchella;43,5
49;Sul;Duranta vestita;11,7
49;Sul;Sebastiania brasiliensis;14,8
49;Sul;Scutia buxifolia;12,7
49;Sul;Oreopanax fulvus;22,5
49;Sul;Xylosma tweediana;5,8
49;Sul;Sebastiania commersoniana;7,5
49;Sul;Allophylus guaraniticus;12,6
49;Sul;Allophylus guaraniticus;5,3
49;Sul;Machaerium paraguariense;12,6
49;Sul;Myrsine umbellata;8,6
49;Sul;Sebastiania commersoniana;6,4
49;Sul;Myrsine umbellata;6,9
49;Sul;Dasyphyllum spinescens;20,2
49;Sul;Matayba elaeagnoides;42,7
50;Sul;Xylosma ciliatifolia;8,3
50;Sul;Matayba elaeagnoides;8,3
50;Sul;Xylosma ciliatifolia;7,8
50;Sul;Matayba elaeagnoides;5,8
50;Sul;Solanum pabstii;11,7
50;Sul;Dalbergia frutescens;6,4
50;Sul;Dalbergia frutescens;7,6
50;Sul;Casearia obliqua;7,9
50;Sul;Escallonia bifida;9,2
50;Sul;Escallonia bifida;12,6
50;Sul;Escallonia bifida;14,7
50;Sul;Dalbergia frutescens;16
50;Sul;Dalbergia frutescens;8,1
50;Sul;Inga sessilis;6,1
50;Sul;Inga sessilis;9,6
50;Sul;Inga sessilis;11,4
50;Sul;Matayba elaeagnoides;14,4
50;Sul;Matayba elaeagnoides;42,3
50;Sul;Machaerium paraguariense;5,5
50;Sul;Machaerium paraguariense;5,4
50;Sul;Ocotea pulchella;6,8
50;Sul;Matayba elaeagnoides;7,3
50;Sul;Matayba elaeagnoides;5,9
50;Sul;Matayba elaeagnoides;8,1
50;Sul;Matayba elaeagnoides;8,1
50;Sul;Inga sessilis;11,9
50;Sul;Allophylus guaraniticus;14,5
50;Sul;Inga sessilis;18,1
50;Sul;Inga sessilis;12,9
50;Sul;Mimosa scabrella;28,2
50;Sul;Roupala montana;11,6
50;Sul;Inga sessilis;8,6
50;Sul;Inga sessilis;7,5
50;Sul;Inga sessilis;10,8
50;Sul;Inga sessilis;5,7
